IP Address,Login Source,Login Date & Time
37.30.48.43,Mobile,"Jun 13, 2021, 10:13:27 AM"
185.238.205.204,Web,"Jun 27, 2021, 6:06:38 PM"
185.238.205.204,Web,"Jun 27, 2021, 6:21:09 PM"
185.238.205.204,Web,"Jun 28, 2021, 7:09:03 PM"
185.238.205.205,Mobile,"Sep 6, 2021, 4:34:47 AM"
89.65.126.79,Web,"Jan 23, 2022, 4:03:02 PM"
89.65.126.79,Web,"Jan 27, 2022, 11:20:07 PM"
31.61.250.253,Web,"Feb 5, 2022, 5:30:04 PM"
46.204.24.237,Web,"Feb 20, 2022, 9:57:41 AM"
89.65.126.79,Web,"Mar 13, 2022, 12:06:24 PM"
81.231.243.28,Mobile,"Aug 25, 2022, 5:02:23 PM"
46.162.77.125,Web,"Sep 12, 2022, 4:18:43 PM"
46.162.88.32,Web,"Sep 24, 2022, 10:29:37 AM"
46.162.88.32,Web,"Sep 24, 2022, 1:12:12 PM"
188.146.134.132,Mobile,"Nov 7, 2022, 1:11:28 AM"
46.162.75.85,Web,"Nov 8, 2022, 8:39:37 PM"
46.162.83.112,Web,"Nov 22, 2022, 9:46:08 PM"
46.162.83.112,Web,"Nov 23, 2022, 11:10:47 PM"
194.47.249.10,Web,"Dec 1, 2022, 8:08:36 PM"
46.162.93.208,Web,"Dec 17, 2022, 12:50:15 PM"
46.162.89.14,Web,"Jan 6, 2023, 10:20:17 PM"
46.162.81.249,Web,"Jan 18, 2023, 7:52:15 AM"
46.162.92.136,Web,"Jan 23, 2023, 6:19:17 PM"
46.162.86.102,Web,"Sep 24, 2023, 7:29:17 PM"
46.162.85.161,Web,"Oct 8, 2023, 5:55:08 PM"
46.162.85.161,Web,"Oct 21, 2023, 7:18:40 PM"
